url,redirect_count,roi_discrepancy,iframe_ratio,domain_age_days,ssl_active,label
http://safe-site-11.com,0,0.04176152133522823,0.008240275385303164,6420,1,0
http://phish-site-395.tk,4,0.9819331187318106,0.4427374477620549,22,0,1
http://safe-site-316.com,0,0.06351553111788943,0.09479175579129054,5094,1,0
http://safe-site-396.com,0,0.021271268155200442,0.18189482127433068,6073,1,0
http://phish-site-200.tk,9,0.6034888865232944,0.8020671167207386,18,1,1
http://phish-site-251.tk,3,0.7934920861911251,0.8353313976982064,15,0,1
http://phish-site-69.tk,5,0.5744123468930291,0.6580479683613036,2,0,1
http://phish-site-261.tk,2,0.9121878793522836,0.41884114951710677,11,0,1
http://safe-site-483.com,0,0.0037924968841787535,0.18628812204391643,6625,1,0
http://safe-site-323.com,0,0.05969781792660302,0.1829614093840561,5981,1,0
http://phish-site-148.tk,9,0.6765708203449492,0.6672273469076451,3,0,1
http://safe-site-158.com,0,0.016599091351609786,0.018182328632712585,1869,1,0
http://safe-site-479.com,0,0.010543935475826794,0.0912982083996724,4592,1,0
http://safe-site-213.com,0,0.04061094695635756,0.1227367925488283,1735,1,0
http://safe-site-142.com,0,0.030602324123683924,0.09982143888741496,3972,1,0
http://safe-site-170.com,0,0.04810762405763842,0.04695020912450792,3028,1,0
http://safe-site-222.com,1,0.007285022197353675,0.08711343192684969,3686,1,0
http://phish-site-93.tk,6,0.9123743550873185,0.5659122429141548,16,1,1
http://safe-site-492.com,0,0.009653054886570912,0.018574266596386925,1921,1,0
http://phish-site-128.tk,7,0.6930623422071034,0.4300201688412787,2,0,1
http://safe-site-477.com,1,0.008710505062091135,0.057385106651722854,2873,1,0
http://phish-site-54.tk,5,0.7079765427589018,0.4244986685353667,18,0,1
http://phish-site-181.tk,6,0.5889659570251555,0.7603917888985295,11,0,1
http://safe-site-260.com,0,0.028948753481059387,0.09879439166690929,2160,1,0
http://safe-site-350.com,1,0.06774799125897947,0.0919458788788623,1739,1,0
http://safe-site-242.com,0,0.09820114081725598,0.1544909688213017,3492,1,0
http://safe-site-208.com,0,0.0802466682438894,0.1686044740445911,2219,1,0
http://phish-site-316.tk,3,0.6448265725673858,0.8836698278560388,19,0,1
http://safe-site-154.com,0,0.07096285611030402,0.16367591082220356,5212,1,0
http://phish-site-220.tk,3,0.8676049995709121,0.5109351500578015,9,1,1
http://safe-site-386.com,0,0.07477569215678175,0.04024103204583223,3386,1,0
http://safe-site-207.com,0,0.05058297511117288,0.07632673869393757,3015,1,0
http://safe-site-217.com,0,0.08144648171579359,0.11231735994055064,4990,1,0
http://phish-site-375.tk,8,0.9313485676930617,0.8797680639850086,7,0,1
http://phish-site-426.tk,3,0.6114295109392636,0.6312278231262153,22,0,1
http://phish-site-64.tk,8,0.6484205806953361,0.9792322862059202,5,0,1
http://phish-site-7.tk,3,0.7607459383194252,0.46429541537176733,1,0,1
http://phish-site-233.tk,6,0.5782789890430088,0.4502771483668776,27,0,1
http://phish-site-250.tk,9,0.7585428356926529,0.4216529766350662,1,0,1
http://phish-site-422.tk,7,0.633235903547091,0.48793212786441686,19,1,1
http://safe-site-380.com,0,0.03248876112213122,0.13274452893884264,6369,1,0
http://safe-site-319.com,0,0.07247989349870097,0.042978801744232256,4061,1,0
http://phish-site-408.tk,5,0.9888852945674496,0.6994888088718789,8,1,1
http://phish-site-333.tk,8,0.7123200788155375,0.8309734500130337,16,0,1
http://safe-site-485.com,0,0.0335706142406868,0.029272754505605403,2316,1,0
http://phish-site-115.tk,3,0.7422100009544624,0.8922757550227749,3,0,1
http://phish-site-276.tk,5,0.8799835586937685,0.9061768356937488,17,0,1
http://phish-site-121.tk,2,0.638095700795116,0.6394527475813012,9,0,1
http://phish-site-369.tk,7,0.8764616505847761,0.6899978723140412,16,0,1
http://safe-site-6.com,1,0.08561669567155204,0.1861992968404138,3940,1,0
http://safe-site-444.com,0,0.04504105750335699,0.06659207445025309,1731,1,0
http://safe-site-273.com,0,0.0611575798066524,0.012641731413972047,1835,1,0
http://phish-site-26.tk,6,0.9915765736183545,0.7119547394799305,22,0,1
http://phish-site-374.tk,7,0.9485357148278825,0.9622474096379958,17,0,1
http://safe-site-88.com,0,0.043905500272154334,0.01770467902551456,4062,1,0
http://phish-site-252.tk,9,0.6401845035292356,0.6058510365598195,28,0,1
http://safe-site-229.com,1,0.01566033295671948,0.06374139615934293,2132,1,0
http://safe-site-488.com,0,0.049893256708994776,0.12850409624045162,3663,1,0
http://phish-site-327.tk,8,0.6879891338694134,0.9021175529862964,25,0,1
http://safe-site-266.com,0,0.006081225780919963,0.013836301948204689,6112,1,0
http://safe-site-361.com,0,0.039641370295627566,0.07194284456918609,3787,1,0
http://phish-site-52.tk,2,0.8953566032505654,0.49774934801261383,24,0,1
http://phish-site-467.tk,7,0.6550828290882138,0.5467607599132329,14,0,1
http://phish-site-290.tk,9,0.6650867186952167,0.9208758874874321,22,0,1
http://phish-site-359.tk,5,0.6067381761926844,0.9286492905670376,6,0,1
http://phish-site-354.tk,2,0.6495046569251945,0.8248838033488697,7,1,1
http://phish-site-339.tk,6,0.6272754592718747,0.49535682659411495,2,0,1
http://safe-site-415.com,1,0.010634380176177238,0.12250086850629836,4316,1,0
http://phish-site-412.tk,5,0.6980969495638861,0.6561586925121372,21,1,1
http://phish-site-404.tk,8,0.7078683632341501,0.7206203392339716,3,1,1
http://safe-site-398.com,0,0.01833249387270015,0.12868111816813607,2270,1,0
http://safe-site-146.com,0,0.059539540133457816,0.12468885637280168,1548,0,0
http://phish-site-254.tk,6,0.8250783272721642,0.8947346363441614,5,0,1
http://phish-site-117.tk,5,0.7337759726922752,0.9430977332228099,14,0,1
http://safe-site-28.com,1,0.03546804905577788,0.18893249044658253,2229,1,0
http://safe-site-255.com,0,0.04972135899261579,0.19710596093914215,1288,1,0
http://phish-site-403.tk,7,0.9502705022673743,0.7066149881913837,25,0,1
http://phish-site-452.tk,8,0.9354966761774531,0.8637075534011192,27,0,1
http://phish-site-317.tk,9,0.8657465225762151,0.9320480519968677,3,0,1
http://phish-site-237.tk,4,0.6667943707409729,0.49476299637355214,23,0,1
http://safe-site-292.com,0,0.0714677511331561,0.05423224294591638,6448,1,0
http://safe-site-55.com,0,0.09051945375480044,0.10697615384094901,5839,1,0
http://safe-site-358.com,0,0.09345671423708111,0.038775859053821596,2590,1,0
http://safe-site-26.com,0,0.0072208150273837205,0.05161847774931727,6193,1,0
http://safe-site-83.com,1,0.039891517627467205,0.1911025987356079,5243,1,0
http://phish-site-156.tk,7,0.5522332925520195,0.6232574242745815,8,0,1
http://safe-site-101.com,0,0.07765058459760298,0.02712349069214306,6216,1,0
http://phish-site-336.tk,9,0.8790511069548632,0.5174565040153615,15,0,1
http://safe-site-228.com,0,0.04685751806780795,0.1337917678213085,2539,1,0
http://safe-site-110.com,0,0.06376437321460214,0.06291082975638995,5466,1,0
http://phish-site-13.tk,8,0.8512035081793541,0.7887129210834615,5,0,1
http://safe-site-462.com,0,0.0943807074743027,0.19533932965583475,6178,1,0
http://phish-site-114.tk,8,0.8437824717026987,0.7920391430119935,14,0,1
http://safe-site-113.com,0,0.034120847188078916,0.07456179514411732,5797,1,0
http://safe-site-277.com,0,0.09639347899978795,0.1563668148676306,4361,1,0
http://phish-site-207.tk,7,0.8479761881039487,0.4829017624203019,22,0,1
http://safe-site-300.com,0,0.09293762849425233,0.11581857787878942,1646,1,0
http://phish-site-218.tk,7,0.9968550789027286,0.6471558503376411,11,1,1
http://phish-site-166.tk,7,0.8012061917458138,0.5208372094631096,20,0,1
http://phish-site-83.tk,4,0.5020820362032276,0.9053996493858788,16,0,1
http://safe-site-108.com,0,0.03372396594268767,0.014845479423600483,1159,1,0
http://safe-site-425.com,0,0.05814953662125408,0.11707197022884402,6586,1,0
http://phish-site-177.tk,3,0.908860326657225,0.9137041901460999,2,0,1
http://phish-site-446.tk,5,0.6658367354163566,0.7143661841682398,1,0,1
http://phish-site-282.tk,2,0.7758274817392027,0.580798062417106,28,0,1
http://phish-site-259.tk,2,0.8032494943361066,0.7735649624804904,5,1,1
http://safe-site-78.com,0,0.056345220229796766,0.08024174306486727,1147,1,0
http://phish-site-239.tk,4,0.7427740278150804,0.8116739472578338,12,0,1
http://safe-site-275.com,0,0.0014702207796355228,0.15104229814903614,4647,1,0
http://phish-site-274.tk,9,0.8879754536920883,0.6706163884072838,25,1,1
http://safe-site-262.com,0,0.03797285626534182,0.05824029979040553,2806,1,0
http://phish-site-429.tk,8,0.836856553240805,0.711756531741532,13,0,1
http://phish-site-86.tk,9,0.992268406456698,0.4957948496808695,15,0,1
http://safe-site-360.com,0,0.02287681755397243,0.13102416140919498,6441,1,0
http://phish-site-455.tk,2,0.7180170052687834,0.5427020990247233,22,0,1
http://safe-site-121.com,0,0.04767092573126833,0.038799292746731134,3802,1,0
http://safe-site-451.com,0,0.09383993548403115,0.14045324888994618,2769,1,0
http://phish-site-67.tk,7,0.8456934226279789,0.7147655839216149,28,1,1
http://safe-site-472.com,0,0.09263453479214295,0.042063219891134,6125,1,0
http://phish-site-255.tk,2,0.9032283497651675,0.7008044221579808,12,0,1
http://safe-site-22.com,0,0.021002904578663495,0.0473328092000993,6371,1,0
http://phish-site-143.tk,7,0.6020173395977626,0.7844015360899895,16,1,1
http://safe-site-335.com,0,0.0895161977116601,0.17301945954765904,1900,1,0
http://safe-site-253.com,0,0.064654674039779,0.19398149013338492,5794,1,0
http://safe-site-80.com,0,0.06545724407714379,0.0728884691474508,4233,1,0
http://phish-site-411.tk,7,0.6665327209978709,0.5196000635042464,3,0,1
http://phish-site-6.tk,3,0.6891896121710995,0.8926697532093184,22,0,1
http://safe-site-150.com,1,0.0672186529357524,0.07302587250520286,4845,1,0
http://phish-site-366.tk,8,0.520543410733608,0.8081820635012775,25,1,1
http://phish-site-190.tk,5,0.5369343349770848,0.44226998465790235,27,0,1
http://phish-site-312.tk,3,0.9417985895045169,0.7591964011945895,22,0,1
http://phish-site-499.tk,4,0.7676638769985868,0.7009227465007177,9,0,1
http://safe-site-325.com,0,0.0454937519582829,0.021792465733800406,3013,1,0
http://safe-site-324.com,0,0.010037936043566599,0.03975147999179849,4523,1,0
http://safe-site-44.com,0,0.05115718087625692,0.11511220471826172,4057,1,0
http://phish-site-110.tk,5,0.762009025960563,0.4996969697806295,27,1,1
http://safe-site-372.com,0,0.0065660291970823575,0.19901505246969398,4578,1,0
http://phish-site-44.tk,6,0.9846211044573385,0.8304678896582458,2,0,1
http://phish-site-458.tk,5,0.8772835200842146,0.8705793213745734,29,1,1
http://safe-site-289.com,0,0.06596928798821389,0.13812143198629231,6606,1,0
http://phish-site-39.tk,6,0.7332321713202932,0.8878403564076587,11,0,1
http://phish-site-129.tk,3,0.5379810129821421,0.8274983935253994,11,0,1
http://phish-site-46.tk,5,0.5603857357712919,0.5148342455372477,7,0,1
http://safe-site-343.com,0,0.014723114191908394,0.032771987792806816,3290,1,0
http://safe-site-100.com,0,0.0006787205412578713,0.11443893852972259,6300,1,0
http://safe-site-416.com,0,0.007572802950087554,0.09991879413802557,2898,1,0
http://safe-site-307.com,1,0.03993932905336485,0.04574380971034484,5607,1,0
http://safe-site-82.com,0,0.008099847899599178,0.17345338388712678,4557,1,0
http://phish-site-151.tk,3,0.6822809570747328,0.8652821418953762,28,0,1
http://phish-site-0.tk,7,0.7929351230227802,0.862696551591539,26,0,1
http://safe-site-437.com,0,0.0969410769323188,0.059770916710143986,6979,1,0
http://phish-site-277.tk,4,0.8696753152499321,0.5864018847981507,9,0,1
http://safe-site-379.com,0,0.03866563102736547,0.03383429783526983,1831,1,0
http://phish-site-379.tk,5,0.917437729142952,0.6135430858233049,28,0,1
http://phish-site-372.tk,6,0.689541746089492,0.9569123153591128,21,0,1
http://safe-site-167.com,0,0.006930049825003171,0.18448378761008852,1513,1,0
http://safe-site-27.com,0,0.06835639283411511,0.019327660262324575,2459,1,0
http://phish-site-51.tk,7,0.6975879514960963,0.5374726213037017,2,0,1
http://phish-site-293.tk,2,0.6596138063868415,0.6815097351897954,18,0,1
http://safe-site-10.com,0,0.03828362168624436,0.08249042048551969,2516,1,0
http://phish-site-447.tk,5,0.5637860191962127,0.692833073097813,2,0,1
http://safe-site-126.com,1,0.0910496099803116,0.1705864141182024,3865,1,0
http://safe-site-106.com,0,0.006424317112753298,0.1742372960454938,2195,1,0
http://phish-site-172.tk,7,0.9639482315627015,0.49327728955182193,29,0,1
http://phish-site-232.tk,6,0.6784074601001145,0.7609822840952105,17,0,1
http://phish-site-88.tk,5,0.9894912028789407,0.9019739737325728,4,1,1
http://safe-site-66.com,0,0.030008381756521055,0.039272685478938474,3121,1,0
http://phish-site-482.tk,4,0.9788324865399721,0.647827711034541,16,0,1
http://safe-site-423.com,0,0.0035672771417575746,0.06404005854546269,3978,1,0
http://safe-site-478.com,0,0.008200731677360329,0.17062687984795388,1674,1,0
http://safe-site-18.com,0,0.02616548704999232,0.1990541978709327,6283,1,0
http://safe-site-136.com,0,0.027555506358839535,0.10499640470804664,1991,1,0
http://phish-site-368.tk,2,0.6504196081244711,0.5578195054440055,26,1,1
http://phish-site-160.tk,5,0.7163353324003485,0.8590534418775619,21,0,1
http://safe-site-438.com,1,0.08164557757877271,0.15061394851695764,1167,1,0
http://phish-site-126.tk,7,0.864265403443879,0.5373043384296906,12,0,1
http://safe-site-135.com,0,0.03215452607043228,0.08527562454617316,3510,1,0
http://phish-site-137.tk,9,0.710545978888203,0.49602866036258353,15,0,1
http://phish-site-492.tk,9,0.7860448256705759,0.6639049321911336,4,0,1
http://safe-site-304.com,0,0.001111744392447367,0.13840339879761573,1893,1,0
http://phish-site-443.tk,9,0.7548742357535825,0.8883293717642833,29,0,1
http://safe-site-120.com,0,0.04464221174238057,0.014544394621961288,2681,1,0
http://safe-site-281.com,0,0.01196510232938396,0.11014582519166916,5091,1,0
http://safe-site-345.com,0,0.08966422466999847,0.058030157010785136,4859,1,0
http://safe-site-74.com,0,0.02177098637220756,0.13196298436731146,1411,1,0
http://safe-site-376.com,0,0.08357918862418973,0.17546785017118802,5178,1,0
http://phish-site-491.tk,5,0.641537562803038,0.8990517360226804,4,1,1
http://phish-site-164.tk,9,0.8089668895379678,0.6993947615261706,27,0,1
http://safe-site-311.com,0,0.09408295812944968,0.0010882946380305293,2017,1,0
http://phish-site-179.tk,5,0.5583202208614625,0.953000578456001,16,0,1
http://safe-site-296.com,0,0.07525026563400253,0.08194653550603642,3678,1,0
http://safe-site-381.com,0,0.06674872233898058,0.15299597624984188,6304,1,0
http://safe-site-133.com,0,0.007179051459995523,0.14226052828174052,3326,1,0
http://phish-site-362.tk,2,0.6700276774248337,0.41907003485833155,15,0,1
http://phish-site-479.tk,5,0.9935312522320128,0.9157081827050677,8,0,1
http://phish-site-145.tk,5,0.533933751701248,0.6451464185611695,22,0,1
http://phish-site-465.tk,3,0.8979833970329971,0.5522049031050832,17,0,1
http://safe-site-284.com,0,0.017252796171860818,0.05580964999067957,5433,1,0
http://safe-site-452.com,0,0.0477721770885953,0.19297567114371647,1446,1,0
http://phish-site-25.tk,7,0.554611970359431,0.7028504126848384,13,0,1
http://safe-site-137.com,0,0.08102596304790012,0.0875561274218773,3571,1,0
http://phish-site-413.tk,4,0.9344432043608921,0.7372805482308246,16,0,1
http://safe-site-23.com,1,0.0286118354648228,0.061845780322219435,1969,1,0
http://phish-site-111.tk,3,0.6785206636507675,0.6685026634889115,2,0,1
http://phish-site-441.tk,8,0.5677916423794149,0.9621562045436145,18,0,1
http://safe-site-302.com,0,0.01964752917156818,0.10385427946623936,3546,1,0
http://safe-site-351.com,1,0.012877651609962671,0.05581273684523012,5609,1,0
http://phish-site-185.tk,3,0.6890247346664485,0.4478046769976818,29,0,1
http://phish-site-33.tk,3,0.7107435690872503,0.5367769169317144,22,0,1
http://safe-site-450.com,0,0.03855505976811287,0.14733118207082616,3771,1,0
http://phish-site-311.tk,9,0.5951181521936922,0.8219389824002243,25,0,1
http://safe-site-373.com,0,0.051238402625749996,0.09850711997675399,2138,1,0
http://phish-site-85.tk,5,0.8709223875665925,0.972046008111137,29,0,1
http://safe-site-195.com,0,0.056107137764889584,0.15935549517602507,1821,1,0
http://safe-site-124.com,0,0.08875855955292421,0.10550600681604841,1096,1,0
http://safe-site-47.com,0,0.07380153801446242,0.11818976776017881,3121,1,0
http://safe-site-442.com,0,0.08495200720502145,0.14737443225536256,4898,1,0
http://safe-site-257.com,0,0.01191615295740045,0.11064416618216405,2496,1,0
http://phish-site-206.tk,5,0.8798010603402174,0.7323806144953532,4,0,1
http://phish-site-35.tk,2,0.7914817120644413,0.5664613875493385,19,1,1
http://safe-site-424.com,0,0.09497588954278874,0.10762942726299157,5924,1,0
http://phish-site-95.tk,6,0.5164718947265956,0.7643557860643595,12,0,1
http://safe-site-430.com,0,0.06989118097380917,0.07742685268216093,5008,1,0
http://phish-site-235.tk,3,0.5963623420017543,0.49890344339102305,15,0,1
http://safe-site-69.com,0,0.03141400932999938,0.03960305097984589,6786,1,0
http://safe-site-370.com,0,0.04578588362147989,0.11890809944984548,1215,1,0
http://safe-site-212.com,0,0.0820673585886429,0.19362588306298667,2607,1,0
http://safe-site-271.com,0,0.053009104495078785,0.015064479528949471,4159,1,0
http://safe-site-401.com,0,0.015639964110708015,0.03995545422847879,4806,1,0
http://safe-site-90.com,0,0.0843129106029308,0.04215531397090666,6131,1,0
http://phish-site-208.tk,7,0.767697810767941,0.6087394799362837,18,0,1
http://phish-site-132.tk,9,0.7856532491545773,0.7066375654568087,23,1,1
http://phish-site-203.tk,7,0.8269465136979329,0.6209762264722595,11,0,1
http://phish-site-38.tk,6,0.7061555018186083,0.4280047277195807,21,0,1
http://phish-site-357.tk,6,0.5069101718387974,0.8708292370100617,7,0,1
http://phish-site-298.tk,7,0.7776756697835305,0.5498866382605062,19,1,1
http://safe-site-53.com,0,0.05789404456881302,0.06168429612062239,5174,1,0
http://safe-site-186.com,1,0.05370544089849638,0.16661996053410624,1188,1,0
http://safe-site-494.com,0,0.08234574124948335,0.040591337714941104,6454,1,0
http://safe-site-30.com,0,0.024129739903484805,0.021300006137178862,5993,1,0
http://safe-site-428.com,0,0.08067312983663893,0.1892183060760018,4436,1,0
http://safe-site-168.com,0,0.05920437338413782,0.0682361011821341,1767,1,0
http://phish-site-257.tk,2,0.908720623986017,0.8531910841283538,5,0,1
http://safe-site-93.com,0,0.07715859235947463,0.05234752256708382,3496,1,0
http://safe-site-189.com,0,0.08269979291273778,0.019473211617867747,4485,1,0
http://phish-site-230.tk,6,0.606335855914145,0.8537380988054636,13,0,1
http://safe-site-198.com,1,0.06916001465486471,0.09450468036563642,5375,1,0
http://phish-site-320.tk,4,0.7413217028432123,0.7671579850379253,5,0,1
http://phish-site-409.tk,9,0.8008336997254237,0.4610531658642966,20,0,1
http://phish-site-394.tk,7,0.5539545627864146,0.520691460388491,6,1,1
http://phish-site-168.tk,2,0.9627990761555542,0.9968887047112113,16,1,1
http://phish-site-50.tk,2,0.8060966030550818,0.9150806587098167,24,0,1
http://phish-site-313.tk,4,0.7691987292744441,0.4250773187924977,13,1,1
http://phish-site-217.tk,4,0.5292663243201857,0.9484307139633631,23,0,1
http://phish-site-430.tk,6,0.6685309323241678,0.41716899112952643,19,0,1
http://phish-site-104.tk,9,0.5384138800178437,0.8459760979494413,23,0,1
http://phish-site-139.tk,4,0.6569936070355382,0.45902260992207305,28,0,1
http://phish-site-470.tk,9,0.9094901953425174,0.5359455261201892,9,1,1
http://safe-site-230.com,1,0.05659921640412041,0.08428553612418757,6706,1,0
http://safe-site-50.com,0,0.01758873844780865,0.14814031093182162,2318,1,0
http://phish-site-96.tk,9,0.5850623621918893,0.45500869477161865,15,0,1
http://phish-site-309.tk,2,0.5159352016974923,0.9891790488297257,2,0,1
http://phish-site-438.tk,4,0.7491736548568323,0.921692177107938,16,0,1
http://safe-site-220.com,0,0.04690579537959936,0.164730443012262,3343,1,0
http://phish-site-477.tk,9,0.93168021550936,0.4458448287035607,16,0,1
http://safe-site-321.com,0,0.07763509185607777,0.11654386253686431,5756,1,0
http://safe-site-498.com,0,0.025018365472284556,0.1993979987808785,3556,1,0
http://phish-site-485.tk,6,0.9427360297764776,0.5882984401814229,25,0,1
http://phish-site-435.tk,8,0.8839274228195656,0.9913811745809945,8,1,1
http://safe-site-119.com,0,0.02262443807429848,0.09238943661575205,5146,1,0
http://phish-site-10.tk,3,0.8605151833368643,0.8434448444611726,1,0,1
http://safe-site-37.com,0,0.05576231505081232,0.1240806564892655,3828,1,0
http://safe-site-31.com,0,0.06673274129290623,0.11405222593885052,2457,1,0
http://safe-site-98.com,0,0.08500639465669874,0.09086934065197219,4524,1,0
http://safe-site-382.com,1,0.07918726740912604,0.0310906788047864,4567,1,0
http://phish-site-473.tk,4,0.9220700255102825,0.5772077176534381,27,1,1
http://phish-site-364.tk,5,0.6067853484357856,0.42670974046432897,8,1,1
http://phish-site-191.tk,5,0.71497385226694,0.7816490820682731,11,1,1
http://phish-site-406.tk,2,0.59955842561715,0.9192852145558785,20,0,1
http://safe-site-496.com,0,0.08309623793707183,0.07683483539057734,6571,1,0
http://safe-site-29.com,0,0.0749322840575493,0.09457350700995265,2038,1,0
http://safe-site-310.com,0,0.08285835895796964,0.0557805130216337,6155,1,0
http://safe-site-327.com,1,0.01430286964498736,0.08298346845117177,6763,1,0
http://phish-site-180.tk,5,0.7446434236802555,0.4655358000023245,27,0,1
http://phish-site-98.tk,8,0.5828458280087923,0.45127803082830453,3,0,1
http://safe-site-226.com,0,0.04227580119344984,0.0822410862945568,1718,1,0
http://safe-site-61.com,0,0.0005967041448536215,0.03284925952722537,3914,0,0
http://phish-site-31.tk,5,0.6765109272239629,0.7933871131019204,25,0,1
http://phish-site-326.tk,8,0.8166098711033543,0.4357188346025567,3,0,1
http://phish-site-243.tk,3,0.5257310085080911,0.6951502501977236,9,0,1
http://safe-site-65.com,0,0.09745778157336946,0.14544424796921798,4055,1,0
http://safe-site-64.com,0,0.04955493491345569,0.19156094051810982,6901,1,0
http://phish-site-202.tk,2,0.7169268288955104,0.877404030981188,14,1,1
http://phish-site-122.tk,6,0.6499617738070842,0.470111290646103,20,0,1
http://phish-site-133.tk,7,0.870135672276799,0.526304536350183,27,0,1
http://safe-site-139.com,0,0.06436326993027114,0.1991081824696768,4685,1,0
http://phish-site-205.tk,5,0.5021071381799798,0.6770367901582178,29,0,1
http://phish-site-284.tk,8,0.6350342791805819,0.4850234377974188,9,0,1
http://phish-site-405.tk,7,0.8204960851238244,0.6689816972606384,15,0,1
http://phish-site-301.tk,2,0.5464951554138886,0.7770261827948832,20,0,1
http://phish-site-253.tk,5,0.8819475234859786,0.48639671317317806,24,0,1
http://safe-site-404.com,0,0.014388317039198295,0.08345108642898152,4593,1,0
http://safe-site-174.com,0,0.09407498149343206,0.17237906073995185,1769,1,0
http://phish-site-210.tk,6,0.8693251976102394,0.7229216008859124,11,0,1
http://safe-site-52.com,1,0.08732547232569199,0.17611466528354575,5513,1,0
http://safe-site-261.com,0,0.07437804182701784,0.0499069006314574,1487,1,0
http://safe-site-51.com,0,0.02344520971180716,0.036915658213661474,6059,1,0
http://phish-site-94.tk,3,0.8928464383627629,0.414239218036898,12,0,1
http://phish-site-2.tk,9,0.7293009906883793,0.7965554029301211,27,0,1
http://phish-site-249.tk,7,0.6848020413423461,0.4329970942846264,22,1,1
http://phish-site-331.tk,6,0.7739286713486527,0.426480624919894,29,0,1
http://phish-site-349.tk,7,0.8948445302144321,0.9357077630019478,9,0,1
http://safe-site-116.com,0,0.05498984365976672,0.14690563928498862,5135,1,0
http://phish-site-246.tk,4,0.5694407239051124,0.4732451730954631,5,0,1
http://phish-site-134.tk,5,0.9651146251974576,0.5503322469519217,20,0,1
http://safe-site-105.com,0,0.05521632500159426,0.04284182137977173,6385,1,0
http://phish-site-30.tk,2,0.9973048591366096,0.4166998308229895,12,0,1
http://phish-site-377.tk,6,0.8833432998593772,0.47942489919496856,3,0,1
http://safe-site-453.com,0,0.03688214531565198,0.06952553370155037,1050,1,0
http://safe-site-355.com,0,0.03404445818540556,0.1869015289918942,1556,1,0
http://safe-site-353.com,0,0.06778988175757175,0.17184749803692104,2862,1,0
http://safe-site-411.com,0,0.08595223373346954,0.17486520983620998,5881,1,0
http://safe-site-233.com,0,0.0945616072752497,0.08360388929372294,5755,1,0
http://phish-site-159.tk,2,0.5602949622470572,0.510544165190519,13,0,1
http://phish-site-101.tk,4,0.8026801324461912,0.9653762666123588,20,0,1
http://phish-site-401.tk,8,0.989634419282967,0.7758636659718157,12,1,1
http://phish-site-489.tk,6,0.5243313658819023,0.5481871257475351,19,0,1
http://phish-site-82.tk,2,0.8651727503705265,0.5981493436594615,1,0,1
http://safe-site-34.com,0,0.050014193082305806,0.10543902173753468,3988,1,0
http://phish-site-454.tk,3,0.7793137906180145,0.4173403768849503,21,0,1
http://safe-site-435.com,0,0.07244351459624435,0.172144289006361,5060,1,0
http://safe-site-204.com,0,0.0986046397774521,0.058668938914591906,4843,1,0
http://phish-site-384.tk,5,0.7544294136620878,0.6333761431475422,23,0,1
http://phish-site-424.tk,6,0.5370003863569626,0.5327495533688413,4,0,1
http://safe-site-12.com,0,0.05696477337757976,0.08109843506535033,3648,1,0
http://phish-site-138.tk,7,0.9895769019597429,0.8938084887730146,6,0,1
http://safe-site-410.com,0,0.038268636698200735,0.17642422409634287,4199,1,0
http://phish-site-273.tk,7,0.6541095170407243,0.4383157016450302,20,0,1
http://safe-site-201.com,0,0.05043926581324165,0.05855918654972869,5717,1,0
http://phish-site-330.tk,9,0.707105969682166,0.555103638449307,4,0,1
http://phish-site-351.tk,7,0.6160039741627485,0.5751605400020053,6,0,1
http://safe-site-36.com,0,0.08204357782044726,0.03231787537522719,6788,1,0
http://safe-site-299.com,0,0.06834538493999312,0.03942098730878967,3463,1,0
http://phish-site-215.tk,3,0.7659046261377143,0.9359109719860775,19,0,1
http://phish-site-155.tk,6,0.6884551010826918,0.7891161607594575,21,0,1
http://safe-site-206.com,0,0.08782974125466976,0.004782292199693861,4520,1,0
http://phish-site-171.tk,5,0.8762966015335658,0.4220517423079937,22,0,1
http://phish-site-497.tk,4,0.6256727095548149,0.6708334612968885,25,1,1
http://phish-site-400.tk,6,0.9231877340487307,0.9897697846469943,25,0,1
http://safe-site-403.com,0,0.09770841850224223,0.005334032603833739,2348,1,0
http://safe-site-387.com,0,0.08001290571535463,0.04062640612408337,3221,1,0
http://phish-site-449.tk,9,0.5691081469031041,0.8231272919736364,22,1,1
http://phish-site-153.tk,5,0.9646475489662651,0.9400084607357896,3,0,1
http://safe-site-348.com,0,0.033735523672730396,0.17530277218824528,6713,1,0
http://safe-site-395.com,0,0.08473344424007095,0.0959921664751856,1248,1,0
http://safe-site-481.com,0,0.07826398361230702,0.09878045732663648,1628,1,0
http://safe-site-397.com,0,0.07829097308631557,0.013842476056954012,1682,1,0
http://safe-site-153.com,0,0.0016243797002133077,0.15812584706684785,5105,1,0
http://safe-site-19.com,0,0.09533989439874552,0.07022357300564522,4678,1,0
http://safe-site-457.com,0,0.04313067251306384,0.06238066479158364,4337,1,0
http://phish-site-99.tk,6,0.6361602759016699,0.7266896744498148,13,1,1
http://phish-site-288.tk,7,0.6621722037525302,0.9115841974007192,9,0,1
http://safe-site-243.com,0,0.023965105711476767,0.1043133221810209,2245,1,0
http://safe-site-68.com,0,0.012276485645551139,0.04709880230274073,4034,1,0
http://safe-site-176.com,0,0.04344077722775226,0.07164702835722643,6893,1,0
http://phish-site-471.tk,6,0.8227551167950127,0.9567063312031776,2,1,1
http://safe-site-56.com,0,0.03306147173126452,0.056018887297939496,2716,1,0
http://phish-site-173.tk,3,0.6908067475133866,0.6820545496272898,29,0,1
http://phish-site-17.tk,5,0.8088385734538097,0.6543793247877938,3,0,1
http://safe-site-470.com,1,0.027879592521479247,0.04023175172973281,1223,1,0
http://phish-site-348.tk,6,0.6754188050904781,0.6833064921343796,17,0,1
http://phish-site-324.tk,2,0.9275511585707069,0.6438690614385731,26,0,1
http://phish-site-224.tk,7,0.6854863734009028,0.9825587470608105,3,0,1
http://safe-site-291.com,0,0.07264190250724285,0.17798983948046387,3621,0,0
http://safe-site-420.com,0,0.008255108962926893,0.09581304630096642,1360,1,0
http://safe-site-315.com,0,0.07734570667140213,0.19365012658955488,4254,1,0
http://phish-site-365.tk,4,0.600710346506246,0.5785306059559869,17,0,1
http://phish-site-440.tk,5,0.6080114832485838,0.5600462352035669,8,0,1
http://phish-site-439.tk,4,0.5224309618220258,0.49285994647659004,14,0,1
http://phish-site-116.tk,6,0.984276303021524,0.8713353075227575,22,0,1
http://phish-site-196.tk,6,0.7135476122381437,0.973787012333743,10,0,1
http://safe-site-241.com,0,0.042864222919070896,0.1529417115383835,6643,1,0
http://safe-site-21.com,0,0.0016221348882327514,0.15483400699561822,1919,1,0
http://safe-site-499.com,0,0.08455043247466532,0.11247605183314602,3068,1,0
http://safe-site-67.com,0,0.07966963200814899,0.023863621557436668,4336,1,0
http://phish-site-47.tk,2,0.5408795470106449,0.9441283498833103,15,1,1
http://phish-site-222.tk,9,0.9415179899781677,0.5429994564122623,11,0,1
http://safe-site-441.com,0,0.046268107174087074,0.1902638748789872,5714,1,0
http://phish-site-19.tk,5,0.7496276499362815,0.8686672628908783,20,0,1
http://safe-site-187.com,0,0.06979368229219006,0.08226746203937217,1916,1,0
http://safe-site-364.com,0,0.0683000335170965,0.1979442360100213,6338,1,0
http://safe-site-200.com,0,0.005340548399243805,0.15288585273229288,4739,1,0
http://safe-site-493.com,0,0.0871593854039657,0.18475068232050984,3278,1,0
http://phish-site-34.tk,7,0.9964923493922053,0.7446014287543197,27,0,1
http://safe-site-130.com,0,0.07969485960882038,0.09017802624891891,6752,1,0
http://safe-site-79.com,0,0.010272159548704307,0.02873230690790798,4264,1,0
http://phish-site-162.tk,8,0.972377304477552,0.5420402618959131,6,0,1
http://safe-site-312.com,1,0.0723597104720096,0.08040603441057562,4657,1,0
http://phish-site-296.tk,2,0.8992379378068625,0.7747467946432587,13,0,1
http://phish-site-281.tk,3,0.5267311443391851,0.7164783007994671,26,0,1
http://phish-site-112.tk,7,0.8247763110822719,0.4988890221001431,26,0,1
http://phish-site-87.tk,2,0.7671076695958043,0.7345059785005922,18,0,1
http://safe-site-393.com,0,0.021751047742708043,0.0629395454868081,2504,1,0
http://phish-site-79.tk,9,0.9744485480692462,0.7034416732727915,3,0,1
http://safe-site-455.com,0,0.09184489336576271,0.09643177016678622,3955,1,0
http://safe-site-202.com,0,0.025301865865796594,0.04766279284358513,4064,1,0
http://safe-site-211.com,0,0.010567413671166493,0.010729507471237243,6932,1,0
http://safe-site-39.com,0,0.05034132543816781,0.1420657245751244,3168,1,0
http://safe-site-3.com,0,0.04597900099373318,0.12400753933783551,4997,1,0
http://phish-site-84.tk,4,0.6785798019066447,0.773745157204876,15,0,1
http://phish-site-227.tk,7,0.782835802022579,0.5745249119708528,18,0,1
http://safe-site-148.com,0,0.0393864555675756,0.1289611794746102,4634,1,0
http://safe-site-239.com,0,0.019049144217842307,0.05335805232463908,2769,1,0
http://safe-site-408.com,0,0.0273862726593382,0.04226991773187425,4839,1,0
http://safe-site-476.com,0,0.09962713015652826,0.16299297840844904,3034,1,0
http://safe-site-141.com,0,0.08724292308526789,0.03741625020653179,4672,1,0
http://safe-site-25.com,0,0.0003792573684850642,0.10231327552198229,5211,1,0
http://safe-site-309.com,0,0.0455152898934749,0.16336109397658258,6230,1,0
http://phish-site-280.tk,3,0.7440589764645121,0.4252729288682826,7,1,1
http://safe-site-161.com,0,0.09878463485046157,0.002723800050598535,2367,1,0
http://safe-site-13.com,0,0.03177543588461634,0.17484787368525254,4338,1,0
http://safe-site-412.com,0,0.08923698593973631,0.1702437344206854,2087,1,0
http://phish-site-305.tk,3,0.692417333682086,0.6806905614101774,16,1,1
http://phish-site-381.tk,2,0.9104904207061505,0.6099091384625143,21,0,1
http://safe-site-112.com,0,0.012393184802340829,0.012604704612879504,6519,1,0
http://phish-site-182.tk,7,0.5850554913626256,0.969835270756977,17,0,1
http://safe-site-285.com,0,0.006814610156753176,0.18468246469745978,4908,1,0
http://safe-site-399.com,0,0.006224895709564294,0.1633666620397396,6342,1,0
http://phish-site-15.tk,8,0.5893552972848017,0.4820500559419818,2,0,1
http://phish-site-478.tk,4,0.551477357538191,0.9940599730457831,23,0,1
http://phish-site-267.tk,8,0.7801072373091364,0.5586682692667015,29,0,1
http://phish-site-385.tk,5,0.9740200163592492,0.9902305644098381,1,0,1
http://safe-site-298.com,0,0.0903244217828316,0.03818287279155939,3613,1,0
http://phish-site-469.tk,2,0.8257507910532927,0.6894888667987177,22,0,1
http://phish-site-278.tk,3,0.888357409948024,0.5246364634685896,27,0,1
http://phish-site-483.tk,3,0.8911163135564876,0.7016512291072512,5,0,1
http://phish-site-135.tk,3,0.9171193496496808,0.730394532878981,12,0,1
http://phish-site-297.tk,5,0.9634667276763655,0.6876830192319627,17,0,1
http://safe-site-237.com,0,0.032464750428852364,0.1905726290229361,2849,1,0
http://phish-site-78.tk,3,0.6215821219509847,0.604702579940388,23,0,1
http://phish-site-60.tk,2,0.6969049631624943,0.5218357409061987,17,1,1
http://phish-site-490.tk,6,0.5330537642420567,0.4202569201149981,9,1,1
http://phish-site-189.tk,7,0.9344173735198424,0.7732570103277054,13,0,1
http://phish-site-192.tk,5,0.8452297891335873,0.6308605094776878,9,1,1
http://phish-site-343.tk,9,0.5962417508425917,0.7313621293211291,29,0,1
http://safe-site-314.com,0,0.07672393262462396,0.11806123984369032,4899,1,0
http://safe-site-331.com,0,0.0051239967294548945,0.032358834367260725,4010,1,0
http://safe-site-248.com,0,0.05178624316965033,0.1988108829144292,4194,1,0
http://safe-site-163.com,0,0.037505946673308845,0.06644771372473789,5777,1,0
http://phish-site-65.tk,5,0.6290810398231248,0.7224190664282717,6,1,1
http://phish-site-337.tk,4,0.8554458190387875,0.5836345931011964,26,0,1
http://safe-site-251.com,0,0.08147851722189983,0.13520364875231847,3187,1,0
http://safe-site-332.com,0,0.033345771213244446,0.0943622899458893,1263,1,0
http://safe-site-269.com,0,0.014046457882451392,0.1380513483877262,1732,1,0
http://safe-site-467.com,0,0.06962596056586993,0.1174216496615592,6821,1,0
http://safe-site-443.com,0,0.03797307592142796,0.13199965603288832,2563,1,0
http://safe-site-14.com,0,0.0030065074356263157,0.06308753602674724,5664,1,0
http://phish-site-272.tk,2,0.7762152111300256,0.9297031791105143,18,0,1
http://safe-site-279.com,0,0.06923959936788644,0.015168984448241662,2900,1,0
http://safe-site-123.com,0,0.07886096620441417,0.061356316668555524,6855,1,0
http://safe-site-402.com,0,0.0008972451853927477,0.030653052694571817,2239,1,0
http://phish-site-1.tk,5,0.7813749267011643,0.7483448777602879,25,0,1
http://phish-site-211.tk,9,0.5291594868214182,0.5349608582743811,23,0,1
http://phish-site-457.tk,5,0.5974985812471867,0.6084447617848592,7,0,1
http://safe-site-224.com,0,0.00544450029108411,0.19327745884023512,6972,1,0
http://safe-site-484.com,0,0.08688640051104696,0.04168789250076124,5532,1,0
http://phish-site-195.tk,2,0.9263666870416072,0.7953971147648407,8,0,1
http://safe-site-406.com,0,0.045866329015601316,0.05688323064211629,6062,1,0
http://safe-site-129.com,0,0.0030539287044999974,0.166541553318338,3571,1,0
http://safe-site-33.com,0,0.053083959500969516,0.13839653974861044,2677,1,0
http://phish-site-238.tk,2,0.5643092726819451,0.7476988565397382,9,0,1
http://phish-site-265.tk,2,0.9116479016565338,0.9616772329905425,4,0,1
http://phish-site-292.tk,7,0.6443678424123063,0.9577424253349399,14,0,1
http://safe-site-280.com,0,0.02366036820793557,0.035002702564864444,3487,1,0
http://safe-site-122.com,0,0.08677150105342755,0.1839844670835794,2088,1,0
http://safe-site-413.com,0,0.04411063501993931,0.16261804273435462,6392,1,0
http://phish-site-245.tk,4,0.5411348180513663,0.6419301793180408,10,0,1
http://phish-site-279.tk,5,0.8334322861122628,0.8157706875038875,21,1,1
http://phish-site-256.tk,2,0.9485694909964673,0.5425245643993655,29,1,1
http://safe-site-301.com,0,0.06765686315798185,0.174582401140422,3704,1,0
http://phish-site-108.tk,4,0.9823476301324143,0.5573931216093164,22,0,1
http://safe-site-263.com,0,0.09126211741015172,0.1759674129109209,1836,1,0
http://safe-site-175.com,0,0.0742902408876382,0.1061802979347024,4864,1,0
http://safe-site-182.com,0,0.07568280718031535,0.15316366680087987,4079,1,0
http://safe-site-164.com,0,0.0017212690421371524,0.01888432305732466,5678,1,0
http://safe-site-458.com,0,0.03700501705607082,0.1598873060965733,1991,1,0
http://phish-site-183.tk,7,0.8331077832616648,0.5048832208368972,21,0,1
http://phish-site-102.tk,7,0.9375326245630524,0.9834722987208268,21,0,1
http://phish-site-113.tk,4,0.8414880278643697,0.6599544991508626,27,0,1
http://safe-site-127.com,0,0.08623038161290185,0.09966715556757058,3295,1,0
http://phish-site-73.tk,2,0.6973118812546251,0.5784013958751497,5,0,1
http://phish-site-105.tk,3,0.6963068595766224,0.5710583347855431,17,1,1
http://phish-site-308.tk,3,0.8454077865390808,0.6715899453533318,16,0,1
http://safe-site-362.com,0,0.06120697078075661,0.10598044114169765,6590,1,0
http://phish-site-131.tk,8,0.5318464532400501,0.8687816037964726,28,0,1
http://phish-site-475.tk,5,0.5923754331970492,0.9946904874082261,10,1,1
http://phish-site-199.tk,8,0.6339842461383166,0.5775396816975237,20,0,1
http://phish-site-43.tk,7,0.6284086447981221,0.6516868001136342,20,1,1
http://phish-site-285.tk,9,0.9209419852740972,0.6200758817326862,3,0,1
http://safe-site-419.com,0,0.03804931491045106,0.020846450962513564,3165,1,0
http://phish-site-295.tk,6,0.6315925210716844,0.997139823641773,12,0,1
http://phish-site-212.tk,6,0.6967684455926495,0.8593640494483918,14,1,1
http://phish-site-448.tk,2,0.565394057499276,0.597273126936047,12,0,1
http://phish-site-464.tk,4,0.995250984000435,0.6242962380403112,3,0,1
http://phish-site-300.tk,8,0.5412383841299403,0.595258574873697,20,0,1
http://phish-site-72.tk,7,0.7285287172423283,0.44070790650797653,28,0,1
http://phish-site-165.tk,9,0.7283007322763868,0.7588368071837606,23,0,1
http://safe-site-209.com,0,0.03735366726483287,0.14010400341461215,1765,1,0
http://phish-site-241.tk,6,0.6988715874546216,0.4984962961962617,15,0,1
http://phish-site-335.tk,9,0.6336149022730535,0.6075404065546913,19,0,1
http://safe-site-180.com,0,0.07427637524917269,0.0008768184504273524,3497,1,0
http://safe-site-92.com,0,0.05223411424331405,0.16056621724634834,4048,1,0
http://safe-site-190.com,0,0.06908740928306442,0.05169345257061147,6356,1,0
http://safe-site-418.com,0,0.09066435341252824,0.14197458096693957,5249,1,0
http://phish-site-484.tk,2,0.5133371935732686,0.5817070703436098,10,0,1
http://safe-site-192.com,0,0.07184324715388088,0.05581187898232445,2365,1,0
http://safe-site-118.com,1,0.08216718687652569,0.06193927260825332,6736,1,0
http://phish-site-37.tk,6,0.9865782382035723,0.8199884400476571,10,0,1
http://safe-site-367.com,0,0.06748642410445702,0.08304576454137631,1599,1,0
http://phish-site-188.tk,6,0.6602580246464824,0.6123703687956746,14,0,1
http://safe-site-463.com,0,0.04715378425306752,0.051095156586429824,1431,1,0
http://phish-site-109.tk,2,0.6939239684520595,0.43716245553252037,24,0,1
http://phish-site-163.tk,2,0.5163234580692586,0.8763963076302743,6,0,1
http://safe-site-392.com,0,0.09652319537810888,0.1403131425495905,3639,1,0
http://safe-site-276.com,0,0.08046632658932001,0.03394150386053052,2928,0,0
http://phish-site-80.tk,7,0.7586467662433668,0.5001204687665098,1,0,1
http://safe-site-352.com,0,0.0771659235664277,0.16286215729822032,4920,1,0
http://phish-site-24.tk,6,0.8365661684861654,0.5312726151944307,4,0,1
http://phish-site-423.tk,9,0.6907895103716263,0.7491597370973855,22,1,1
http://phish-site-310.tk,3,0.9430064374143149,0.678226041043459,14,1,1
http://phish-site-12.tk,3,0.7430682415355508,0.8769013447051774,29,0,1
http://phish-site-294.tk,4,0.5186242763958178,0.852063586782047,22,0,1
http://phish-site-89.tk,8,0.9631589358816821,0.708937116570481,24,0,1
http://safe-site-254.com,1,0.07102509714371966,0.0473076134065491,4126,1,0
http://safe-site-429.com,0,0.07603474740467255,0.06303046163802253,1773,1,0
http://safe-site-181.com,1,0.024009143599944795,0.025363973218053927,3129,1,0
http://phish-site-229.tk,8,0.5358928641878016,0.5444288914312454,9,0,1
http://phish-site-42.tk,9,0.6261673614400205,0.9247928603573083,14,0,1
http://safe-site-252.com,0,0.07904962795501216,0.10066103187329474,6366,1,0
http://phish-site-399.tk,4,0.5018041065982719,0.4262898667803414,6,0,1
http://phish-site-147.tk,7,0.7571888847728117,0.8132555240666346,8,0,1
http://safe-site-464.com,0,0.09861273800179358,0.05039540894218502,2515,1,0
http://phish-site-201.tk,4,0.5747623817451568,0.5209743245505051,8,0,1
http://safe-site-62.com,0,0.083228679710151,0.10159291445545414,2257,1,0
http://safe-site-390.com,0,0.07578022876603482,0.16800567734272617,4778,1,0
http://phish-site-407.tk,6,0.6012884898443548,0.7960588671646707,8,0,1
http://safe-site-440.com,0,0.08396785990701516,0.14185932883093652,5805,1,0
http://phish-site-386.tk,8,0.9187880744022818,0.768010790393053,3,1,1
http://phish-site-378.tk,7,0.9057889788389791,0.5797974037485676,24,0,1
http://phish-site-174.tk,6,0.6871486427988296,0.5643354792955356,21,0,1
http://safe-site-40.com,0,0.012782570301687125,0.0007036095121482289,2902,1,0
http://phish-site-461.tk,2,0.9849860512864059,0.5217294420668415,10,0,1
http://phish-site-345.tk,7,0.9521513862602187,0.8314785589070252,15,0,1
http://phish-site-341.tk,6,0.6117264094796013,0.862254579341911,10,0,1
http://safe-site-35.com,0,0.05185539364475816,0.09742957133829502,4001,1,0
http://safe-site-313.com,0,0.027141786139826842,0.17505685718071823,6900,1,0
http://phish-site-248.tk,9,0.5727508989916303,0.9390164162964197,28,0,1
http://safe-site-497.com,1,0.059470313438890636,0.1462412093090548,3077,1,0
http://safe-site-7.com,0,0.06546396683477047,0.04008379868276708,6727,1,0
http://phish-site-186.tk,9,0.8270951345451294,0.6668477839976208,11,0,1
http://phish-site-383.tk,5,0.795780619175473,0.5548428573470549,10,0,1
http://phish-site-194.tk,5,0.7879936382119972,0.4658934202513459,20,0,1
http://phish-site-29.tk,8,0.5732765643522384,0.954844508373591,28,0,1
http://phish-site-275.tk,7,0.7544821654036136,0.4221598567542476,20,0,1
http://phish-site-100.tk,9,0.5585669802937376,0.5369765769757235,4,0,1
http://safe-site-482.com,0,0.06270965024597436,0.01658579354274268,3972,1,0
http://safe-site-85.com,0,0.03795364900274222,0.07050461973096418,5217,1,0
http://phish-site-228.tk,3,0.9336101037026436,0.7804269685789039,7,0,1
http://phish-site-90.tk,3,0.9717382734005491,0.4065466842565295,23,0,1
http://safe-site-17.com,0,0.06424145587392703,0.16025341689324343,6095,1,0
http://safe-site-388.com,0,0.024215301383978496,0.1365968120544905,6285,1,0
http://safe-site-368.com,1,0.0680756005137027,0.08535676125338963,3572,1,0
http://phish-site-209.tk,9,0.7263196430204291,0.45779118596184026,6,0,1
http://phish-site-495.tk,3,0.7141454004421954,0.9608989777493321,22,0,1
http://phish-site-299.tk,8,0.6764686030049971,0.5273196770572605,23,0,1
http://safe-site-24.com,0,0.05878759911008327,0.11020139954324595,2160,1,0
http://safe-site-134.com,0,0.049292629910108465,0.0217578264527154,3671,1,0
http://phish-site-266.tk,6,0.9389967444000482,0.9331263084083339,16,0,1
http://safe-site-87.com,0,0.02096710199787104,0.17072494198968718,1915,1,0
http://safe-site-318.com,0,0.0575578628981172,0.17502864828411477,3982,1,0
http://phish-site-57.tk,6,0.5994874372288798,0.4327518736124617,27,0,1
http://safe-site-49.com,0,0.0726446082483999,0.10955482795653881,2437,1,0
http://phish-site-193.tk,8,0.854745807199977,0.5464600865510458,13,0,1
http://safe-site-385.com,0,0.05042889585797514,0.19437296826050426,1451,1,0
http://phish-site-103.tk,4,0.6264118344534669,0.706403720112862,19,0,1
http://phish-site-18.tk,7,0.6547742015369821,0.7526015400536799,14,1,1
http://safe-site-107.com,0,0.09368472662463001,0.12055765283715594,5510,1,0
http://phish-site-226.tk,6,0.7739172455876171,0.762434307222575,26,0,1
http://phish-site-244.tk,6,0.6017711493395245,0.47703589922146705,7,1,1
http://phish-site-314.tk,3,0.6127015906820463,0.5279707521513262,12,0,1
http://phish-site-178.tk,4,0.644250800646788,0.781205522291543,26,0,1
http://phish-site-444.tk,6,0.816454041117535,0.44093565543843355,23,0,1
http://safe-site-199.com,0,0.07388474501411209,0.10076548991257567,5482,1,0
http://phish-site-445.tk,2,0.6801490352156733,0.7983103865900172,2,0,1
http://phish-site-332.tk,4,0.5103439844621848,0.9741959423896699,3,0,1
http://safe-site-218.com,0,0.012578703513750011,0.004867699155977579,5770,1,0
http://safe-site-383.com,0,0.07158437218159586,0.1365166212243208,6845,1,0
http://phish-site-451.tk,4,0.5376574024108574,0.9765403979729124,7,1,1
http://safe-site-240.com,0,0.00038776712109793725,0.04031667904062624,3238,1,0
http://phish-site-304.tk,5,0.9405574737334536,0.9773844757393559,1,0,1
http://safe-site-156.com,0,0.003628341622150333,0.041123533565560116,4428,1,0
http://phish-site-242.tk,2,0.9115420609418137,0.6731606468363787,26,0,1
http://phish-site-355.tk,9,0.6844925654586471,0.7506600620088419,20,1,1
http://phish-site-307.tk,8,0.518110334845524,0.4764278871858314,8,0,1
http://safe-site-104.com,0,0.0012845565754516564,0.1636481255075152,6076,1,0
http://safe-site-473.com,1,0.057109644122478334,0.1509818924663699,5171,1,0
http://safe-site-159.com,0,0.054083236856662456,0.17908915429475727,4151,1,0
http://phish-site-353.tk,7,0.5641000303547961,0.9968828888857011,16,0,1
http://safe-site-20.com,1,0.04185439465712409,0.0146056530463766,5424,1,0
http://safe-site-344.com,0,0.013891042811825217,0.185323132633901,1888,1,0
http://phish-site-382.tk,9,0.9012439434149764,0.45646985492216996,17,0,1
http://phish-site-388.tk,7,0.5966661862529935,0.7132024442563372,28,1,1
http://phish-site-303.tk,5,0.7425143964866221,0.4586596207178935,8,0,1
http://safe-site-115.com,0,0.020917213497803233,0.026300639823271268,1509,1,0
http://safe-site-459.com,0,0.0560866346332808,0.0695555605986,6522,1,0
http://phish-site-184.tk,9,0.6962551464286564,0.5774478650732846,14,0,1
http://safe-site-235.com,0,0.059092969886165594,0.16450219206014324,1729,1,0
http://safe-site-81.com,0,0.07643430488171456,0.0736896842048497,2015,1,0
http://phish-site-234.tk,4,0.5987339519763293,0.8563182969563871,11,0,1
http://phish-site-264.tk,3,0.5053293496721808,0.5012530682564289,14,0,1
http://safe-site-474.com,1,0.05239374601368372,0.019770332210115128,3694,1,0
http://safe-site-147.com,0,0.0788494751174924,0.19791009605135992,2266,1,0
http://phish-site-4.tk,9,0.9357475135566877,0.7306962624393237,7,0,1
http://phish-site-97.tk,7,0.9123412121724666,0.7843977082488491,2,0,1
http://safe-site-329.com,0,0.09548203068125538,0.056945045302837775,1411,1,0
http://safe-site-366.com,0,0.014821299350605633,0.1223034080573578,3225,1,0
http://phish-site-271.tk,3,0.6518905440642123,0.48029756671040913,21,1,1
http://phish-site-427.tk,8,0.6531419915722954,0.49606090980410983,7,0,1
http://phish-site-216.tk,3,0.9863392620280937,0.5896287496374593,3,0,1
http://safe-site-287.com,0,0.04516179583397261,0.05558883060642592,2845,1,0
http://safe-site-185.com,0,0.03129954941877888,0.0797232828783464,1426,1,0
http://safe-site-45.com,0,0.055621593576506284,0.07037269388642578,3494,1,0
http://safe-site-76.com,0,0.030986891320771193,0.08098448708049955,6438,1,0
http://safe-site-58.com,0,0.06350747904640112,0.11986851812663475,1017,1,0
http://phish-site-414.tk,7,0.6531526692490901,0.7953419648612288,18,0,1
http://safe-site-152.com,0,0.06545407929467834,0.17224202874854025,3328,1,0
http://phish-site-247.tk,3,0.9452564735794069,0.5325192384945834,3,0,1
http://safe-site-245.com,0,0.003376284088275028,0.15019131592204527,2651,1,0
http://safe-site-466.com,0,0.08224460534034407,0.1645027760593776,2337,1,0
http://safe-site-414.com,0,0.059581051093508246,0.0737985700513744,6224,1,0
http://safe-site-132.com,0,0.02855886215349577,0.02525748870383835,5222,1,0
http://phish-site-74.tk,8,0.9991487040320495,0.6622641963171907,15,0,1
http://phish-site-71.tk,7,0.7301719334423585,0.6123796808270245,12,0,1
http://safe-site-267.com,1,0.033480491558958506,0.03815486680049507,6935,1,0
http://safe-site-43.com,0,0.025606886430994437,0.12604843748768654,1495,1,0
http://phish-site-41.tk,2,0.6091632336446331,0.9415564122612763,26,0,1
http://safe-site-389.com,0,0.011190390050567113,0.1425954218758528,2567,1,0
http://safe-site-1.com,0,0.01719951841695786,0.1521288625788131,4046,1,0
http://phish-site-154.tk,6,0.5026452373387968,0.7304957734873687,18,0,1
http://phish-site-289.tk,6,0.7235794564519373,0.6504704010543123,5,0,1
http://phish-site-415.tk,9,0.6246710171550861,0.9482961125351229,8,0,1
http://safe-site-188.com,0,0.03454634787345428,0.07608932790290884,6153,1,0
http://safe-site-151.com,0,0.09617313164143529,0.07057212018407337,3125,1,0
http://phish-site-373.tk,8,0.8178949352678873,0.5907906615239561,24,0,1
http://phish-site-53.tk,4,0.6744476794691664,0.6511313433649544,24,0,1
http://safe-site-290.com,0,0.05399461873233824,0.1319499984804243,6363,1,0
http://phish-site-70.tk,9,0.8998293942296611,0.7876747342790825,27,0,1
http://safe-site-333.com,0,0.02097951851247174,0.05460524644085905,1169,1,0
http://phish-site-68.tk,7,0.7267687164568213,0.8382627235506979,22,0,1
http://phish-site-125.tk,5,0.8409338624350008,0.7230523500103418,25,0,1
http://safe-site-238.com,0,0.011416564897074,0.07233123058585644,2335,1,0
http://phish-site-468.tk,8,0.9886138500445627,0.5701526193903482,18,0,1
http://safe-site-303.com,1,0.015554921075777873,0.14796191971289582,5019,1,0
http://safe-site-349.com,0,0.0775926410019939,0.035720169482700584,3004,1,0
http://safe-site-169.com,1,0.03920197385328318,0.030994930811451594,1390,1,0
http://phish-site-21.tk,6,0.8335948956066994,0.728569429370408,20,0,1
http://safe-site-225.com,0,0.07655337361900376,0.14994666112230576,3463,1,0
http://safe-site-283.com,0,0.07853897658240022,0.12747230821555963,3696,1,0
http://safe-site-320.com,0,0.09321444159645435,0.16502087211865893,1748,1,0
http://safe-site-282.com,0,0.024274487092653885,0.16039675776198106,2694,1,0
http://phish-site-263.tk,5,0.5387389408617465,0.8067612018654972,23,0,1
http://phish-site-488.tk,2,0.9076292278723256,0.41348717640457666,23,0,1
http://safe-site-191.com,0,0.07815508193602759,0.06865561074564859,2840,1,0
http://safe-site-59.com,0,0.0363147772688022,0.05485383092336165,5709,1,0
http://safe-site-54.com,0,0.02387955063391293,0.012856884354604371,1475,1,0
http://safe-site-264.com,0,0.04209242281792258,0.1401827841348124,6095,1,0
http://safe-site-436.com,0,0.026938705506224014,0.10988843293245086,1010,1,0
http://safe-site-125.com,0,0.04559496576054405,0.10313773516914522,1259,1,0
http://safe-site-221.com,0,0.09567509714095158,0.08037968980311137,4492,1,0
http://phish-site-48.tk,4,0.9557508351003279,0.40300996538234873,26,0,1
http://phish-site-392.tk,2,0.6793519233836125,0.8035160735256255,24,0,1
http://phish-site-347.tk,4,0.6870115724694297,0.8356995676184678,1,0,1
http://safe-site-346.com,1,0.019212535446330982,0.15359021516394622,5181,1,0
http://phish-site-287.tk,9,0.5472899917424145,0.7790071441079915,18,0,1
http://safe-site-432.com,0,0.040113936058397304,0.1644704522773411,5473,1,0
http://safe-site-259.com,0,0.056095524230346874,0.08537513644173436,2400,1,0
http://safe-site-374.com,1,0.09773861848842542,0.14822176815549148,6961,1,0
http://safe-site-149.com,0,0.03664545669307948,0.06739801206834022,4731,1,0
http://safe-site-203.com,0,0.0485935313796675,0.018588626047050007,2659,1,0
http://phish-site-144.tk,7,0.8884198223545288,0.7745120758172273,14,0,1
http://safe-site-219.com,0,0.0762668445097458,0.007952165757925412,6209,1,0
http://safe-site-400.com,0,0.02989169535554589,0.009115398686350806,5710,1,0
http://safe-site-94.com,0,0.04668469388044473,0.04485248918036129,2405,1,0
http://phish-site-462.tk,5,0.6944912355621169,0.9919507847427319,11,0,1
http://safe-site-268.com,0,0.07696007908438084,0.11036481202649254,4226,1,0
http://safe-site-96.com,0,0.0983592787729938,0.04055202511365295,5206,1,0
http://phish-site-419.tk,6,0.7112823838407856,0.6178762120870485,27,0,1
http://phish-site-323.tk,4,0.9293843099342243,0.5352874320526497,11,1,1
http://safe-site-446.com,0,0.09308077806943452,0.0037901958107902315,5046,1,0
http://phish-site-219.tk,9,0.6501654656296716,0.9755117894785228,2,0,1
http://safe-site-340.com,1,0.027963058204350646,0.03898243336231773,5068,1,0
http://phish-site-322.tk,7,0.7835907600271785,0.8193378486103107,19,0,1
http://safe-site-278.com,0,0.0927812050297021,0.1129926158337467,3239,1,0
http://safe-site-272.com,0,0.015324040219897452,0.1510894573252488,1566,1,0
http://phish-site-40.tk,2,0.8494973962196211,0.7978916097131159,25,0,1
http://safe-site-480.com,0,0.07084107600047387,0.17186483554347623,2437,1,0
http://phish-site-437.tk,3,0.796074163799026,0.7206831507137248,15,0,1
http://phish-site-360.tk,2,0.519411039074874,0.9302913049972178,8,0,1
http://phish-site-380.tk,5,0.8613764418886369,0.5745896375169505,10,0,1
http://safe-site-394.com,0,0.07956663198592968,0.07423709260193222,5145,1,0
http://safe-site-405.com,0,0.03511712764359953,0.1511586152035077,2354,1,0
http://safe-site-223.com,0,0.022835584724615735,0.19294378428351744,1272,1,0
http://safe-site-244.com,0,0.0858044097459781,0.13353706626197326,1688,1,0
http://safe-site-215.com,1,0.05218301691488754,0.045307459718799126,3484,1,0
http://safe-site-184.com,0,0.0078070116274018275,8.177397187585367e-05,5344,1,0
http://phish-site-389.tk,3,0.5965299266723496,0.6824731222992504,22,0,1
http://phish-site-175.tk,5,0.7800227186707748,0.5271171679825555,28,0,1
http://phish-site-59.tk,4,0.6728734735709838,0.5510776235123337,16,0,1
http://safe-site-422.com,0,0.09499441838264035,0.15016997611630736,4856,1,0
http://safe-site-288.com,0,0.023758883467740133,0.1091629655455521,5198,1,0
http://phish-site-161.tk,7,0.92970675635252,0.657442637617663,3,0,1
http://safe-site-465.com,0,0.06089493206214237,0.1983591467158647,5323,1,0
http://phish-site-371.tk,9,0.6180812652389641,0.41205712209159945,7,1,1
http://safe-site-2.com,0,0.06384388827336683,0.17337568826432398,1147,1,0
http://phish-site-306.tk,9,0.536527042706531,0.7316173951783704,1,0,1
http://phish-site-410.tk,3,0.7911731996407783,0.8610750269725245,27,0,1
http://phish-site-486.tk,6,0.5570406323512103,0.5803760139333947,1,0,1
http://phish-site-363.tk,9,0.98994198601614,0.8919543625222268,5,0,1
http://phish-site-127.tk,2,0.5268151008945173,0.877855158339184,2,0,1
http://safe-site-75.com,0,0.0699688841793618,0.016460231047669006,6764,1,0
http://safe-site-341.com,1,0.03066089076024745,0.12912555252233193,4323,1,0
http://phish-site-432.tk,2,0.6941765152696504,0.6560567520846918,18,0,1
http://safe-site-89.com,0,0.035011071200839065,0.06082641005400633,2574,1,0
http://phish-site-28.tk,3,0.8405347464450904,0.7538449006654908,6,1,1
http://safe-site-205.com,0,0.0736994491276317,0.19542393179857054,4957,1,0
http://safe-site-197.com,0,0.049963446606538876,0.17962854071947984,3546,1,0
http://safe-site-297.com,0,0.026327582598794665,0.021914269979640078,6326,1,0
http://phish-site-338.tk,6,0.5559169848809807,0.7221478803491945,4,0,1
http://phish-site-198.tk,7,0.9872934699961657,0.9758075426046411,28,1,1
http://phish-site-390.tk,4,0.5110492375002771,0.6441538144034544,9,0,1
http://safe-site-249.com,0,0.012881867954912652,0.07210498861449237,2205,1,0
http://phish-site-142.tk,2,0.5650885615176056,0.47040804434028377,10,0,1
http://safe-site-0.com,1,0.0789149447489576,0.0677813170362637,4335,1,0
http://safe-site-5.com,0,0.07919423639617966,0.058761945370400116,2649,1,0
http://safe-site-91.com,0,0.005275347678890741,0.1825688623371947,2072,1,0
http://phish-site-20.tk,7,0.9508494448412808,0.4080629569318206,24,0,1
http://safe-site-354.com,0,0.047202739587741696,0.15179801163525256,1067,1,0
http://safe-site-160.com,0,0.040362879445385205,0.11898995834371205,5218,1,0
http://phish-site-356.tk,4,0.7611479367095313,0.5760886898996268,8,0,1
http://phish-site-268.tk,3,0.8361558513369833,0.8599015768181513,11,0,1
http://phish-site-141.tk,6,0.8292936822231912,0.4561370487237947,3,0,1
http://safe-site-486.com,0,0.06023809869926238,0.04739659807910723,1163,1,0
http://phish-site-221.tk,3,0.9719609329996379,0.5961517052362562,8,0,1
http://phish-site-498.tk,4,0.5440619196427404,0.9669163036473063,15,0,1
http://phish-site-76.tk,3,0.5764424499577393,0.7858715218371746,17,0,1
http://phish-site-213.tk,4,0.6186706557237802,0.714259150909317,6,0,1
http://safe-site-265.com,0,0.0465511318179542,0.13608947108375988,5366,1,0
http://safe-site-194.com,0,0.04997828918148171,0.10383895493143713,2417,1,0
http://phish-site-344.tk,6,0.7910782800625916,0.8169057185548264,10,0,1
http://phish-site-107.tk,6,0.7364152963698896,0.6964054203129666,21,0,1
http://phish-site-269.tk,3,0.699246470918474,0.706879677579626,13,0,1
http://phish-site-187.tk,5,0.9411945369283163,0.8266070113691617,3,0,1
http://phish-site-157.tk,6,0.6641940419326373,0.8534732618942993,14,0,1
http://phish-site-150.tk,4,0.7802569281823681,0.40816087857246103,3,0,1
http://phish-site-223.tk,8,0.9718130304932422,0.6612169918460629,26,0,1
http://safe-site-491.com,0,0.04458741929167697,0.17651705865861056,2099,1,0
http://safe-site-48.com,0,0.07023108146148385,0.1632992001355391,3280,1,0
http://phish-site-302.tk,8,0.9403833418436999,0.4316261646713168,25,0,1
http://safe-site-73.com,0,0.003919681052232338,0.06783678133073881,4821,1,0
http://phish-site-417.tk,2,0.9972195010186928,0.5092501157388902,2,1,1
http://phish-site-370.tk,3,0.7615553883535519,0.6293257531065335,24,0,1
http://phish-site-328.tk,4,0.6845985619029753,0.9496610214538299,11,0,1
http://phish-site-61.tk,2,0.8810985230237333,0.8750493295133888,5,0,1
http://phish-site-231.tk,3,0.7251042900513966,0.6352141735302202,28,0,1
http://phish-site-476.tk,8,0.7235577160547881,0.4447562899527548,10,0,1
http://safe-site-357.com,0,0.06850223117988484,0.07964264211512558,1348,1,0
http://phish-site-56.tk,8,0.9153702961763621,0.9650637908368842,29,1,1
http://safe-site-322.com,0,0.04954333580075489,0.07416421231538,1823,1,0
http://safe-site-363.com,0,0.03615299393638887,0.008076569380110366,2068,1,0
http://safe-site-109.com,0,0.08146771147451427,0.19822098798975862,1596,1,0
http://safe-site-471.com,0,0.034446238230736906,0.04639170388081448,4286,1,0
http://safe-site-46.com,0,0.010903394184933024,0.1240671861748896,3772,1,0
http://safe-site-274.com,0,0.09100964546071647,0.13616219057799112,4862,1,0
http://phish-site-225.tk,4,0.8426266733646416,0.9427718634039783,2,0,1
http://safe-site-227.com,0,0.02501800129614633,0.11246366190952183,1795,1,0
http://safe-site-384.com,0,0.07711616432564015,0.0883517645404438,5303,1,0
http://phish-site-262.tk,9,0.6256512480358895,0.7413968585754404,28,0,1
http://phish-site-494.tk,7,0.8162551264689146,0.9513461593125309,28,1,1
http://safe-site-336.com,0,0.03864201758624572,0.1933173407339729,1677,1,0
http://phish-site-23.tk,3,0.5681733993788449,0.8295814982259433,23,1,1
http://safe-site-247.com,0,0.0988995965012871,0.023788565664527653,1398,1,0
http://safe-site-487.com,0,0.03769725206968314,0.13574866605081823,5260,1,0
http://phish-site-140.tk,2,0.8322434466849121,0.5191624589126745,4,0,1
http://phish-site-270.tk,2,0.8405631093836067,0.9141992572470122,17,0,1
http://safe-site-231.com,0,0.0026455935873462844,0.13031092507798656,4794,1,0
http://safe-site-171.com,0,0.0001388346242811367,0.028369555329124954,4275,1,0
http://phish-site-493.tk,7,0.8717302233854722,0.9239095220170003,11,0,1
http://safe-site-114.com,0,0.025907009596997356,0.10046916815235563,3307,1,0
http://safe-site-178.com,0,0.023033758071267632,0.04346764261695,5944,1,0
http://safe-site-342.com,0,0.09379189056920957,0.0832691576627572,5426,1,0
http://safe-site-339.com,0,0.05557427559388603,0.12413922756219374,1478,1,0
http://safe-site-359.com,0,0.086770640451655,0.08434948911104367,1366,1,0
http://phish-site-433.tk,2,0.9739389076070192,0.8339477863262372,2,0,1
http://safe-site-468.com,0,0.07218944987945192,0.18263459388883527,1895,1,0
http://safe-site-258.com,1,0.04549985061765354,0.13255861962304477,2638,1,0
http://safe-site-371.com,0,0.003326166332985947,0.14011996254950349,3190,1,0
http://safe-site-32.com,0,0.07435115931641632,0.01766213050488692,6112,1,0
http://safe-site-270.com,0,0.05439695352161179,0.01355064539223676,2007,1,0
http://safe-site-330.com,0,0.09827256361138026,0.19551421385582024,2753,1,0
http://phish-site-260.tk,2,0.5449320118234973,0.6026386985200465,4,1,1
http://safe-site-42.com,0,0.053820229355883355,0.023649286964412066,6960,1,0
http://safe-site-377.com,0,0.07524335126066348,0.044175729824561354,5832,1,0
http://phish-site-75.tk,4,0.8828035591497967,0.46052455424252103,19,0,1
http://phish-site-340.tk,4,0.8323519256947094,0.5708860011841401,26,0,1
http://safe-site-140.com,0,0.016818579322869644,0.17918609599410806,4866,1,0
http://safe-site-421.com,1,0.0778753138476169,0.14028835922826463,1365,1,0
http://phish-site-434.tk,3,0.6017004231851633,0.5487601012151893,29,0,1
http://phish-site-91.tk,6,0.5708846189825475,0.6023643316578872,9,0,1
http://safe-site-256.com,0,0.04770496421190043,0.09668877348154233,5899,1,0
http://phish-site-393.tk,4,0.6969610463204639,0.7955861482831509,13,0,1
http://phish-site-398.tk,2,0.6381641230966275,0.9135998388706957,20,0,1
http://safe-site-86.com,0,0.04966564261869286,0.184048334698341,2697,1,0
http://phish-site-5.tk,2,0.5915200511692194,0.8115792241530975,7,0,1
http://phish-site-169.tk,8,0.6443276223182575,0.5283370245776198,18,0,1
http://phish-site-130.tk,5,0.7833089667343638,0.5512512619576295,8,0,1
http://safe-site-177.com,0,0.05915130868097003,0.13699942399850898,1393,1,0
http://phish-site-361.tk,7,0.7510298778129225,0.47475596892316574,15,0,1
http://phish-site-402.tk,7,0.5872639504704389,0.4728750834929308,17,0,1
http://safe-site-183.com,0,0.017339477369616253,0.01981757819391741,3951,1,0
http://safe-site-4.com,0,0.09290740986524836,0.19241211644485784,2424,1,0
http://phish-site-16.tk,3,0.5653044862332541,0.9296497919385265,8,0,1
http://phish-site-352.tk,2,0.7175891965781298,0.9758236292834267,13,0,1
http://phish-site-3.tk,7,0.8061424926832961,0.6480412414194645,17,0,1
http://phish-site-204.tk,4,0.9685512074878037,0.8965876389168994,10,0,1
http://safe-site-236.com,0,0.021708247909415092,0.098300062543567,1315,1,0
http://phish-site-480.tk,9,0.7364362880501767,0.5531782735849726,11,1,1
http://safe-site-179.com,0,0.07204230730049271,0.13006748763387818,6379,1,0
http://safe-site-489.com,0,0.04892876820222619,0.026591338764240892,5549,1,0
http://safe-site-338.com,0,0.06997862752063835,0.06598347598393486,3075,1,0
http://safe-site-434.com,0,0.08530434093896971,0.03582041512702392,3318,1,0
http://phish-site-396.tk,4,0.9237413117715716,0.7995190867483934,11,0,1
http://safe-site-97.com,0,0.004472940047512264,0.015376140078284828,5610,1,0
http://phish-site-283.tk,3,0.8434662605190821,0.8145984074378503,17,0,1
http://safe-site-445.com,0,0.03960457212691357,0.18754833657445627,3001,1,0
http://phish-site-106.tk,4,0.6306734770106659,0.6957130359881161,20,0,1
http://safe-site-317.com,0,0.07460366678503573,0.07861738041088573,3871,1,0
http://safe-site-449.com,0,0.06063536667633267,0.005796095822022163,1382,1,0
http://phish-site-450.tk,3,0.5594532136464502,0.5203696578116375,16,1,1
http://safe-site-246.com,0,0.026093366344321547,0.17616547142933414,2761,1,0
http://phish-site-428.tk,8,0.5792386915274739,0.7173317131256982,13,1,1
http://phish-site-170.tk,7,0.5052109602645787,0.520564605068124,2,0,1
http://safe-site-306.com,0,0.044987134689962675,0.07935554837190029,6744,1,0
http://safe-site-448.com,0,0.07579935915889066,0.020424416726536988,6660,1,0
http://phish-site-472.tk,2,0.7760117443403027,0.8539767131482188,15,0,1
http://safe-site-347.com,0,0.04009485546963951,0.02683020441939046,6782,1,0
http://phish-site-456.tk,5,0.7071814879586743,0.9910495430676032,23,1,1
http://safe-site-305.com,0,0.09986168953977732,0.14593263718030672,4007,1,0
http://phish-site-55.tk,2,0.5616815278978112,0.579365803170262,9,1,1
http://safe-site-495.com,1,0.088723741059701,0.19426220390912946,6057,1,0
http://safe-site-369.com,0,0.08202863093201637,0.13382938816972564,1770,1,0
http://phish-site-124.tk,6,0.5101857960316964,0.5283683504011027,24,0,1
http://phish-site-8.tk,6,0.9279292604464815,0.5401600236135969,1,0,1
http://safe-site-166.com,0,0.003625557037090355,0.1273356321463468,6431,1,0
http://safe-site-173.com,0,0.026364487117939053,0.10731760005508695,5747,1,0
http://phish-site-152.tk,2,0.9190816872603533,0.75267730008771,7,0,1
http://safe-site-131.com,0,0.021735263094038684,0.16573774695211452,2097,1,0
http://safe-site-334.com,0,0.03863748706393828,0.06478032589649295,2923,1,0
http://phish-site-81.tk,5,0.9890251877699144,0.63805531215361,21,0,1
http://safe-site-155.com,0,0.09980226148488659,0.009072530019822911,5902,1,0
http://phish-site-286.tk,5,0.5756371094138999,0.9418703561343225,17,0,1
http://phish-site-321.tk,6,0.6051459136071506,0.9208969054480225,17,1,1
http://phish-site-58.tk,2,0.6382681049201074,0.7740969878351366,7,0,1
http://safe-site-234.com,0,0.0961141736681112,0.010679817449857422,1859,1,0
http://phish-site-118.tk,6,0.8190636550770796,0.4299207718953447,26,0,1
http://phish-site-334.tk,8,0.7796572384272263,0.6559495098511131,2,0,1
http://safe-site-70.com,0,0.08991221004658634,0.08058380314598129,4143,1,0
http://phish-site-14.tk,2,0.6229014952103864,0.7935646341327685,9,0,1
http://safe-site-193.com,0,0.003244710441806176,0.04661722896582874,4577,1,0
http://safe-site-165.com,0,0.017657390846083632,0.02371959103624124,3900,1,0
http://safe-site-294.com,0,0.0971658829393644,0.05687879495379329,2475,1,0
http://phish-site-318.tk,9,0.9701560529675679,0.5843116028281883,25,0,1
http://safe-site-172.com,0,0.09714011720643884,0.1446447667901881,1611,1,0
http://safe-site-214.com,0,0.06732217335892467,0.12784926218362355,5406,1,0
http://phish-site-258.tk,5,0.9040447838572646,0.6566685033590284,5,1,1
http://safe-site-427.com,0,0.026067807644580412,0.07665825803183501,5113,1,0
http://phish-site-487.tk,2,0.8209171844059557,0.9141284627713792,11,0,1
http://safe-site-232.com,0,0.09326589709538535,0.03037304011661306,1772,1,0
http://safe-site-117.com,0,0.05746689343618391,0.0912703344944069,4028,1,0
http://safe-site-286.com,0,0.05606935120995417,0.06484948683130679,5090,1,0
http://safe-site-111.com,0,0.045252610625308824,0.16774424788851044,2658,1,0
http://safe-site-77.com,0,0.029617697248742227,0.18510507819741936,3371,1,0
http://safe-site-196.com,0,0.023426370622704584,0.0794374411226777,3444,1,0
http://phish-site-167.tk,6,0.9984494758240858,0.6720450556199833,5,0,1
http://safe-site-328.com,1,0.05392221810714296,0.024377923037579352,3571,1,0
http://phish-site-32.tk,4,0.8951287143940528,0.4290017432790857,14,0,1
http://phish-site-136.tk,2,0.9763081301186834,0.9655661748488609,17,0,1
http://phish-site-158.tk,3,0.9327574231950357,0.6243272525060123,24,1,1
http://safe-site-8.com,0,0.037693796910062055,0.02365526018647597,5285,1,0
http://phish-site-27.tk,5,0.8167054580528789,0.6325285443475419,15,0,1
http://phish-site-453.tk,8,0.5591093591266821,0.9800837168188634,15,0,1
http://phish-site-416.tk,6,0.6240664063064871,0.625197088418179,21,1,1
http://safe-site-454.com,0,0.09799065744287384,0.004801844283686241,3629,1,0
http://phish-site-22.tk,4,0.679153378529121,0.6369876028910991,3,0,1
http://phish-site-346.tk,9,0.72814215503619,0.8976262959080988,13,0,1
http://phish-site-350.tk,9,0.8265625766137562,0.6253063188894683,28,0,1
http://safe-site-63.com,0,0.05521167918995421,0.12544512791186352,6097,1,0
http://phish-site-176.tk,8,0.6552737306031454,0.496359069775049,9,0,1
http://phish-site-459.tk,5,0.8114919003510302,0.45655152346691347,27,0,1
http://safe-site-57.com,0,0.03091029547744747,0.03549724132700902,2803,1,0
http://phish-site-367.tk,5,0.6559837247830682,0.41503727599541934,21,0,1
http://phish-site-146.tk,7,0.7216169240811401,0.7664276817841683,7,0,1
http://safe-site-102.com,0,0.0985396783375704,0.003944649066730111,4275,1,0
http://safe-site-409.com,0,0.07721768453933674,0.049193487302623476,4284,1,0
http://phish-site-418.tk,6,0.97444389917989,0.9535083054104124,26,0,1
http://phish-site-49.tk,6,0.8890745698134027,0.9036777528876139,1,0,1
http://safe-site-84.com,0,0.007186187054799076,0.018186501195068417,5276,1,0
http://safe-site-103.com,0,0.019471834138337543,0.1450236479646108,6135,1,0
http://phish-site-197.tk,4,0.7320439167192412,0.8244429392144624,10,0,1
http://safe-site-433.com,0,0.05219557227451543,0.026937949685846264,3766,1,0
http://phish-site-466.tk,5,0.5822360178401247,0.9009803625356717,9,0,1
http://phish-site-45.tk,7,0.7849455005454131,0.9929994815701483,3,1,1
http://phish-site-460.tk,2,0.930823470065633,0.6504645780011906,23,0,1
http://safe-site-356.com,0,0.035537577793385414,0.10193088931157782,4618,1,0
http://phish-site-421.tk,4,0.5642758848077272,0.9426638925533146,6,1,1
http://safe-site-128.com,0,0.056166577003263024,0.142185310726448,3257,1,0
http://safe-site-417.com,0,0.07370070433257696,0.14653228957133624,5079,1,0
http://phish-site-463.tk,4,0.9149538954165533,0.8127974219306013,4,1,1
http://safe-site-15.com,0,0.0758664995422555,0.12864567945828384,5269,1,0
http://safe-site-490.com,0,0.07627811730322076,0.04784186115932714,6379,1,0
http://phish-site-431.tk,9,0.9497104632557816,0.8375171202639384,1,1,1
http://phish-site-425.tk,6,0.6887842739463886,0.6367127128673185,16,1,1
http://phish-site-325.tk,9,0.5763550810072264,0.6915606629356235,21,0,1
http://phish-site-9.tk,7,0.9289550325875314,0.8641174417126678,6,0,1
http://phish-site-11.tk,7,0.6876089977191862,0.7625774011405644,9,1,1
http://safe-site-326.com,0,0.07275739629155908,0.17215821276648052,1878,1,0
http://phish-site-63.tk,5,0.5814605647464951,0.7757544089597821,1,0,1
http://safe-site-138.com,0,0.05842320964881276,0.01737956797762772,6764,1,0
http://safe-site-295.com,0,0.02394142834020592,0.06869864790570282,1060,1,0
http://safe-site-71.com,0,0.09745744901418685,0.01848590501957892,3982,1,0
http://safe-site-41.com,1,0.06053158269903382,0.06437868600263734,1557,1,0
http://phish-site-481.tk,7,0.7088818102398335,0.5597531631822126,16,0,1
http://phish-site-77.tk,5,0.9634684969628882,0.796909772683202,10,0,1
http://safe-site-365.com,1,0.0872053601308747,0.13405617209315612,2911,1,0
http://safe-site-72.com,0,0.019377428143722054,0.11890197512805992,2115,1,0
http://safe-site-475.com,0,0.05566778087024178,0.11828788450871025,1080,1,0
http://phish-site-387.tk,4,0.9230573566121225,0.45745122092067936,6,0,1
http://phish-site-397.tk,8,0.5802763987511512,0.6201034678099888,10,0,1
http://phish-site-329.tk,8,0.5521876833934465,0.6928889425211628,28,1,1
http://safe-site-143.com,0,0.059603900894982034,0.08882068198401308,3486,1,0
http://safe-site-38.com,0,0.08640535372188456,0.1463698333272553,5449,1,0
http://safe-site-407.com,0,0.03231799817853178,0.17194092597846822,4344,1,0
http://phish-site-240.tk,8,0.8866789784042817,0.8031096173358012,23,0,1
http://phish-site-358.tk,8,0.9929517307364943,0.6480787115114959,15,0,1
http://safe-site-9.com,0,0.003665631539012837,0.04917954876460802,6944,1,0
http://phish-site-376.tk,5,0.6477579340346895,0.45703208885278424,7,0,1
http://phish-site-291.tk,3,0.6228219889169906,0.6163181239311623,22,0,1
http://phish-site-236.tk,8,0.7164369568916056,0.8813795587649875,29,0,1
http://safe-site-431.com,0,0.09410082032535089,0.13467523219880012,5067,1,0
http://safe-site-99.com,0,0.09224747345077629,0.06937613996810865,3990,1,0
http://safe-site-460.com,0,0.031040875050264906,0.04642853969814689,5283,1,0
http://safe-site-378.com,0,0.08403142484722181,0.034408698738114696,1349,1,0
http://phish-site-120.tk,3,0.5598477367643007,0.7360786962888191,22,0,1
http://safe-site-391.com,0,0.0010777934110130505,0.05399393406091011,1124,1,0
http://safe-site-426.com,0,0.08188568475207923,0.09822455941435271,1053,1,0
http://phish-site-420.tk,5,0.788637721549933,0.6989738402941452,28,1,1
http://safe-site-439.com,0,0.08741756228241432,0.18239512084351095,3676,1,0
http://safe-site-95.com,0,0.09343613060957391,0.03831928916369354,1524,1,0
http://safe-site-250.com,0,0.08278173933715,0.020920898750372886,1380,1,0
http://safe-site-469.com,1,0.01935842168376576,0.17873412026976923,5574,1,0
http://safe-site-337.com,0,0.05621006468065152,0.1004819325038733,6409,1,0
http://safe-site-60.com,0,0.012932247071174664,0.0838464124214019,1770,1,0
http://phish-site-123.tk,4,0.5358207866178448,0.6897141448553683,18,1,1
http://phish-site-474.tk,5,0.6206037137530857,0.9768865733445808,2,0,1
http://safe-site-456.com,0,0.07193321459925334,0.13698102022267894,6290,1,0
http://phish-site-442.tk,8,0.6033852519206021,0.745370034803808,1,1,1
http://safe-site-162.com,0,0.035660230782536106,0.12469522539477236,6710,1,0
http://safe-site-216.com,0,0.04753930506770868,0.17425069385823563,1733,1,0
http://safe-site-157.com,1,0.04983243217014477,0.04713466334777577,2918,1,0
http://phish-site-149.tk,2,0.7474481540949003,0.548437292822614,10,0,1
http://phish-site-315.tk,5,0.910736343193412,0.6323027854716796,22,1,1
http://safe-site-145.com,0,0.06506342373886458,0.07053049069654105,2675,1,0
http://safe-site-375.com,0,0.0023500862413062154,0.01815632777677383,5296,1,0
http://safe-site-293.com,0,0.00034387294548181573,0.08835418349252139,5309,1,0
http://safe-site-16.com,0,0.09620977960056866,0.16872580680480626,1505,1,0
http://safe-site-447.com,0,0.016013107991107646,0.02730864349202629,3225,1,0
http://phish-site-391.tk,3,0.5659358297524728,0.8378254990019882,16,0,1
http://phish-site-214.tk,7,0.5946146805842971,0.5258346689817388,1,1,1
http://phish-site-92.tk,9,0.7304786858498614,0.9805337309745433,15,0,1
http://safe-site-308.com,0,0.0983254246775337,0.196533328212475,2689,1,0
http://phish-site-119.tk,7,0.8835287316326341,0.6875801999316455,6,0,1
http://phish-site-36.tk,8,0.8362906271745313,0.75768747586313,17,0,1
http://phish-site-62.tk,5,0.5526945920153242,0.5382650864302948,12,0,1
http://phish-site-342.tk,8,0.7614673486560769,0.9128571547514485,11,0,1
http://safe-site-144.com,0,0.09279680848825089,0.027207309056942776,3495,1,0
http://phish-site-319.tk,8,0.610575180200672,0.6213533742459544,11,0,1
http://phish-site-496.tk,7,0.7475041833469742,0.557791647139238,23,0,1
http://safe-site-210.com,0,0.024822822787770583,0.11728283506272481,2390,1,0
http://safe-site-461.com,0,0.041309001958548267,0.15577756865882242,1694,1,0
http://phish-site-436.tk,2,0.5470716391153736,0.6236620348058726,12,0,1
http://phish-site-66.tk,9,0.8810570444159456,0.7542145060222831,1,0,1
